"direction","route_name","route_type","stop_name","stop_number","load_timestamp"
"MPWS1 -> MTWS1","BM1","Marine","Marina Mall Marine Transport Station 1","1","2026-09-14 10:56:10.000"
"MTWS1 -> MPWS1","BM1","Marine","Marina Promenade Marine Transport Statio","3","2026-09-14 10:56:10.000"
"TMDBST1 -> DICMSL1","F31","Feeder",,"14","2026-09-14 10:56:10.000"
"OMMST1 -> OMMST1","F18","Feeder","Lamcy Plaza 1","4","2026-09-14 10:56:10.000"
"TMDBST1 -> DICMSL1","F31","Feeder",,"18","2026-09-14 10:56:10.000"
"GSBS4 -> ICPM1","53","Urban",,"6","2026-09-14 10:56:10.000"
"TMDBST1 -> DICMSL1","F31","Feeder","Al Barsha Heights, Saleh Bin Lahej Build","16","2026-09-14 10:56:10.000"
"DFCFC1 -> NTSPS1","F08","Feeder","Al Nahda, Motawa Bldg","21","2026-09-14 10:56:10.000"
"FGBMLS1 -> QCRMT1","F25","Feeder","Al Quoz, Pure Water Filling Company 2","2","2026-09-14 10:56:10.000"
"NTSPS1 -> DFCFC1","F08","Feeder",,"1","2026-09-14 10:56:10.000"
"JWTS1 -> DFCS1","BM2","Marine",,"1","2026-09-14 10:56:10.000"
"DCO1 -> AN1T21","22","Urban",,"16","2026-09-14 10:56:10.000"
"QIA3T1 -> SMS2","F24","Feeder",,"9","2026-09-14 10:56:10.000"
"LLV1 -> DICMS1","X28","Urban",,"21","2026-09-14 10:56:10.000"
"DFCFC1 -> NTSPS1","F08","Feeder",,"23","2026-09-14 10:56:10.000"
"FGBMLS1 -> FGBMLS1","F25","Feeder",,"16","2026-09-14 10:56:10.000"
"NTSPS1 -> DFCFC1","F08","Feeder",,"17","2026-09-14 10:56:10.000"
"ANMS4 -> ANMS4","F21","Feeder",,"3","2026-09-14 10:56:10.000"
"DCCT1 -> AN1T21","22","Urban",,"4","2026-09-14 10:56:10.000"
"FGBMLS1 -> FGBMLS1","F25","Feeder",,"14","2026-09-14 10:56:10.000"
"LLV1 -> DICMS1","X28","Urban","Damascus Road 1-1","7","2026-09-14 10:56:10.000"
"QIA3T1 -> SMS2","F24","Feeder",,"11","2026-09-14 10:56:10.000"
"QIA3T1 -> SMS2","F24","Feeder","Al Qusais Depot Entrance 2","2","2026-09-14 10:56:10.000"
"BBMS1 -> BBMS1","F20","Feeder","Al Safa, Street 13, Al Razi Boys School","8","2026-09-14 10:56:10.000"
"NTSPS1 -> DFCFC1","F08","Feeder",,"14","2026-09-14 10:56:10.000"
"BBMS1 -> BBMS1","F20","Feeder","Al Wasl, Street 35, Al Ittihad Health Ce","16","2026-09-14 10:56:10.000"
"LLV1 -> DICMS1","X28","Urban",,"25","2026-09-14 10:56:10.000"
"SMS2 -> QIA3T1","F24","Feeder","Al Qusais Ind Area 3, Atiq Abdullah Flou","9","2026-09-14 10:56:10.000"
"TMDBST1 -> DICMSL1","F31","Feeder","The Greens, Al Sidir","12","2026-09-14 10:56:10.000"
"SMS2 -> QIA3T1","F24","Feeder",,"7","2026-09-14 10:56:10.000"
"FGBMLS1 -> QCRMT1","F25","Feeder",,"17","2026-09-14 10:56:10.000"
"GSBS4 -> ICPM1","53","Urban","Dubai Textile City","21","2026-09-14 10:56:10.000"
"MEMS1 -> MEMS1","F35","Feeder",,"11","2026-09-14 10:56:10.000"
"DCCT1 -> AN1T21","22","Urban","Al Nahda 1, Terminus 1","21","2026-09-14 10:56:10.000"
"MEMS1 -> MEMS1","F35","Feeder","Mall of the Emirates 2-2","3","2026-09-14 10:56:10.000"
"GSBS4 -> ICPM1","53","Urban",,"30","2026-09-14 10:56:10.000"
"DFCFC1 -> NTSPS1","F08","Feeder",,"19","2026-09-14 10:56:10.000"
"DMSL1 -> DMSL1","JLT1","Urban",,"5","2026-09-14 10:56:10.000"
"MEMS1 -> MEMS1","F35","Feeder","The Greens, Al Arta 1","14","2026-09-14 10:56:10.000"
"BBMS1 -> BBMS1","F20","Feeder",,"8","2026-09-14 10:56:10.000"
"BBMSL1 -> BBMSL1","F41","Feeder","XL Tower 2","17","2026-09-14 10:56:10.000"
"ETMS2 -> ETMS2","F28","Feeder","Trade Center Metro Bus Stop","9","2026-09-14 10:56:10.000"
"DCCT1 -> AN1T21","22","Urban",,"5","2026-09-14 10:56:10.000"
"MEMS1 -> MEMS1","F35","Feeder","Al Barsha D-2","26","2026-09-14 10:56:10.000"
"DMSL1 -> DMSL1","JLT1","Urban","JLT, Saba 1 Tower","6","2026-09-14 10:56:10.000"
"BBMS1 -> BBMS1","F20","Feeder","Business Bay Metro Bus Stop Seaside","18","2026-09-14 10:56:10.000"
"DFCFC1 -> NTSPS1","F08","Feeder","Al Nahda, 12 St 2","19","2026-09-14 10:56:10.000"
"BBMSL1 -> BBMSL1","F41","Feeder",,"10","2026-09-14 10:56:10.000"
"FGBMLS1 -> FGBMLS1","F25","Feeder","Al Quoz, Dynamic Industries","17","2026-09-14 10:56:10.000"
"GSBS4 -> ICPM1","53","Urban","Al Badia, Hillside Village A-1","11","2026-09-14 10:56:10.000"
"LLV1 -> DICMS1","X28","Urban","Umm Suqeim, Library 1","32","2026-09-14 10:56:10.000"
"FGBMLS1 -> FGBMLS1","F25","Feeder","Al Quoz, T. Choithram Stores 1","16","2026-09-14 10:56:10.000"
"TMDBST1 -> DICMSL1","F31","Feeder",,"12","2026-09-14 10:56:10.000"
"MEMS1 -> MEMS1","F35","Feeder","Al Barsha, Rashid Centre For Disabled 2","1","2026-09-14 10:56:10.000"
"BBMSL1 -> BBMSL1","F41","Feeder",,"8","2026-09-14 10:56:10.000"
"DCO1 -> AN1T21","22","Urban",,"19","2026-09-14 10:56:10.000"
"FGBMLS1 -> FGBMLS1","F25","Feeder","Al Quoz Mall 2","7","2026-09-14 10:56:10.000"
"ANMS4 -> ANMS4","F21","Feeder",,"0","2026-09-14 10:56:10.000"
"ETMS2 -> ETMS2","F28","Feeder",,"4","2026-09-14 10:56:10.000"
"LLV1 -> DICMS1","X28","Urban",,"3","2026-09-14 10:56:10.000"
"DCO1 -> AN1T21","22","Urban",,"8","2026-09-14 10:56:10.000"
"BBMSL1 -> BBMSL1","F41","Feeder",,"6","2026-09-14 10:56:10.000"
"ICPM1 -> GSBS4","53","Urban","Deira, Beniyas Square 2","22","2026-09-14 10:56:10.000"
"MEMS1 -> MEMS1","F35","Feeder","Regent International School 2","13","2026-09-14 10:56:10.000"
"NTSPS1 -> DFCFC1","F08","Feeder","Emirates Metro Bus Stop 1","19","2026-09-14 10:56:10.000"
"FGBMLS1 -> FGBMLS1","F25","Feeder",,"25","2026-09-14 10:56:10.000"
"MPWS1 -> MTWS1","BM1","Marine","Marina Promenade Marine Transport Statio","0","2026-09-14 10:56:10.000"
"ANMS4 -> ANMS4","F21","Feeder",,"13","2026-09-14 10:56:10.000"
"QIA3T1 -> SMS2","F24","Feeder",,"5","2026-09-14 10:56:10.000"
"MEMS1 -> MEMS1","F35","Feeder",,"27","2026-09-14 10:56:10.000"
"DFCFC1 -> NTSPS1","F08","Feeder",,"6","2026-09-14 10:56:10.000"
"FGBMLS1 -> FGBMLS1","F25","Feeder",,"2","2026-09-14 10:56:10.000"
"NTSPS1 -> DFCFC1","F08","Feeder",,"18","2026-09-14 10:56:10.000"
"GSBS9 -> QSDH11","13","Urban","Muhaisnah 2, Bus Station External 1","31","2026-09-14 10:56:10.000"
"GSBS4 -> ICPM1","53","Urban",,"22","2026-09-14 10:56:10.000"
"MMWS1 -> MTWS1","BM1","Marine","Marina Mall Marine Transport Station 1","0","2026-09-14 10:56:10.000"
"ICPM1 -> GSBS4","53","Urban","Naif Park 2","23","2026-09-14 10:56:10.000"
"MEMS1 -> MEMS1","F35","Feeder","Mall of the Emirates 1-2","2","2026-09-14 10:56:10.000"
"FGBMLS1 -> QCRMT1","F25","Feeder",,"26","2026-09-14 10:56:10.000"
"MEMS1 -> MEMS1","F35","Feeder",,"7","2026-09-14 10:56:10.000"
"DCO1 -> AN1T21","22","Urban","Al Nahda, Canary Bldg 2","16","2026-09-14 10:56:10.000"
"DCO1 -> AN1T21","22","Urban",,"2","2026-09-14 10:56:10.000"
"QIA3T1 -> SMS2","F24","Feeder","Ministry of Information 2","12","2026-09-14 10:56:10.000"
"ICPM1 -> GSBS4","53","Urban",,"0","2026-09-14 10:56:10.000"
"DCCT1 -> AN1T21","22","Urban",,"13","2026-09-14 10:56:10.000"
"MEMS1 -> MEMS1","F35","Feeder",,"17","2026-09-14 10:56:10.000"
"LLV1 -> DICMS1","X28","Urban",,"12","2026-09-14 10:56:10.000"
"DCCT1 -> AN1T21","22","Urban",,"6","2026-09-14 10:56:10.000"
"BBMS1 -> BBMS1","F20","Feeder","Al Safa 1, Street 19, Jumeirah College 2","11","2026-09-14 10:56:10.000"
"MEMS1 -> MEMS1","F35","Feeder",,"1","2026-09-14 10:56:10.000"
"FGBMLS1 -> FGBMLS1","F25","Feeder",,"20","2026-09-14 10:56:10.000"
"JLTMSL -> JLTMSL","JLT2","Urban",,"3","2026-09-14 10:56:10.000"
"FGBMLS1 -> FGBMLS1","F25","Feeder","7 Up Staff Accommodation 2","25","2026-09-14 10:56:10.000"
"ANMS4 -> ANMS4","F21","Feeder",,"7","2026-09-14 10:56:10.000"
"FGBMLS1 -> FGBMLS1","F25","Feeder","Al Quoz, Azzani Ready Mix 1","28","2026-09-14 10:56:10.000"
"NTSPS1 -> DFCFC1","F08","Feeder","Sahara Center 1","6","2026-09-14 10:56:10.000"
"GSBS4 -> ICPM1","53","Urban","International City, Central Business dis","29","2026-09-14 10:56:10.000"
"MEMS1 -> MEMS1","F35","Feeder",,"2","2026-09-14 10:56:10.000"
"BBMSL1 -> BBMSL1","F41","Feeder",,"9","2026-09-14 10:56:10.000"
"GSBS9 -> QSDH11","13","Urban","Muhaisnah 2, Madina Supermarket 2","34","2026-09-14 10:56:10.000"
"LLV1 -> DICMS1","X28","Urban",,"18","2026-09-14 10:56:10.000"
"ICPM1 -> GSBS4","53","Urban",,"21","2026-09-14 10:56:10.000"
"OMMST1 -> OMMST1","F18","Feeder",,"9","2026-09-14 10:56:10.000"
"ANMS4 -> ANMS4","F21","Feeder",,"2","2026-09-14 10:56:10.000"
"DFCFC1 -> NTSPS1","F08","Feeder",,"13","2026-09-14 10:56:10.000"
"ICPM1 -> GSBS4","53","Urban","Maktoum Road 2","19","2026-09-14 10:56:10.000"
"BBMS1 -> BBMS1","F20","Feeder",,"16","2026-09-14 10:56:10.000"
"GSBS9 -> QSDH11","13","Urban",,"26","2026-09-14 10:56:10.000"
"GSBS4 -> ICPM1","53","Urban","Nad Al Hamar Grand Masjid 2","17","2026-09-14 10:56:10.000"
"LLV1 -> DICMS1","X28","Urban","Al Nahda  Metro Bus Stop 2","10","2026-09-14 10:56:10.000"
"DCO1 -> AN1T21","22","Urban",,"5","2026-09-14 10:56:10.000"
"ETMS2 -> ETMS2","F28","Feeder",,"2","2026-09-14 10:56:10.000"
"BBMS1 -> BBMS1","F20","Feeder",,"12","2026-09-14 10:56:10.000"
"ANMS4 -> ANMS4","F21","Feeder",,"17","2026-09-14 10:56:10.000"
"LLV1 -> DICMS1","X28","Urban",,"35","2026-09-14 10:56:10.000"
"GSBS9 -> QSDH11","13","Urban",,"2","2026-09-14 10:56:10.000"
"ICPM1 -> GSBS4","53","Urban",,"23","2026-09-14 10:56:10.000"
"BBMS1 -> BBMS1","F20","Feeder",,"11","2026-09-14 10:56:10.000"
"GSBS9 -> QSDH11","13","Urban",,"36","2026-09-14 10:56:10.000"
"GSBS4 -> ICPM1","53","Urban",,"32","2026-09-14 10:56:10.000"
"TMDBST1 -> DICMSL1","F31","Feeder",,"8","2026-09-14 10:56:10.000"
"ETMS2 -> ETMS2","F28","Feeder","Rostamani Tower","1","2026-09-14 10:56:10.000"
"BBMS1 -> BBMS1","F20","Feeder",,"4","2026-09-14 10:56:10.000"
"TMDBST1 -> DICMSL1","F31","Feeder","The Lakes Turnoff 1","9","2026-09-14 10:56:10.000"
"ICPM1 -> GSBS4","53","Urban",,"17","2026-09-14 10:56:10.000"
"GSBS9 -> QSDH11","13","Urban",,"30","2026-09-14 10:56:10.000"
"TMDBST1 -> DICMSL1","F31","Feeder","The Greens, Terminus","11","2026-09-14 10:56:10.000"
"FGBMLS1 -> QCRMT1","F25","Feeder",,"9","2026-09-14 10:56:10.000"
"GSBS9 -> QSDH11","13","Urban","Muhaisnah 2, Medical Fitness Centre","39","2026-09-14 10:56:10.000"
"LLV1 -> DICMS1","X28","Urban",,"36","2026-09-14 10:56:10.000"
"OMMST1 -> OMMST1","F18","Feeder",,"7","2026-09-14 10:56:10.000"
"NTSPS1 -> DFCFC1","F08","Feeder","Dubai Municipality Garage 1","20","2026-09-14 10:56:10.000"
"GSBS4 -> ICPM1","53","Urban",,"28","2026-09-14 10:56:10.000"
"SMS2 -> QIA3T1","F24","Feeder",,"8","2026-09-14 10:56:10.000"
"DFCFC1 -> NTSPS1","F08","Feeder",,"2","2026-09-14 10:56:10.000"
"LLV1 -> DICMS1","X28","Urban",,"4","2026-09-14 10:56:10.000"
"BBMS1 -> BBMS1","F20","Feeder",,"14","2026-09-14 10:56:10.000"
"LLV1 -> DICMS1","X28","Urban",,"8","2026-09-14 10:56:10.000"
"GSBS9 -> QSDH11","13","Urban",,"14","2026-09-14 10:56:10.000"
"TMDBST1 -> DICMSL1","F31","Feeder",,"10","2026-09-14 10:56:10.000"
"TMDBST1 -> DICMSL1","F31","Feeder","Al Barsha Heights, Minc Apartments 2","14","2026-09-14 10:56:10.000"
"ICPM1 -> GSBS4","53","Urban","Clock Tower Roundabout 2","18","2026-09-14 10:56:10.000"
"DFCFC1 -> NTSPS1","F08","Feeder",,"9","2026-09-14 10:56:10.000"
"ETMS2 -> ETMS2","F28","Feeder",,"11","2026-09-14 10:56:10.000"
"NTSPS1 -> DFCFC1","F08","Feeder",,"13","2026-09-14 10:56:10.000"
"DFCFC1 -> NTSPS1","F08","Feeder",,"5","2026-09-14 10:56:10.000"
"FGBMLS1 -> FGBMLS1","F25","Feeder","7 Up Staff Accommodation 2","10","2026-09-14 10:56:10.000"
"GSBS4 -> ICPM1","53","Urban",,"19","2026-09-14 10:56:10.000"
"TMDBST1 -> DICMSL1","F31","Feeder","The Meadows, Town Centre 2","1","2026-09-14 10:56:10.000"
"GSBS4 -> ICPM1","53","Urban","Al Badia, Deira International School 1","14","2026-09-14 10:56:10.000"
"DCCT1 -> AN1T21","22","Urban","Dubai Womens College 1","8","2026-09-14 10:56:10.000"
"OMMST1 -> OMMST1","F18","Feeder","American Hospital 1","3","2026-09-14 10:56:10.000"
"ETMS2 -> ETMS2","F28","Feeder","Emirates Tower Metro Bus Stop Seaside","0","2026-09-14 10:56:10.000"
"ICPM1 -> GSBS4","53","Urban",,"1","2026-09-14 10:56:10.000"
"GSBS9 -> QSDH11","13","Urban",,"22","2026-09-14 10:56:10.000"
"BBMSL1 -> BBMSL1","F41","Feeder",,"14","2026-09-14 10:56:10.000"
"GSBS4 -> ICPM1","53","Urban",,"24","2026-09-14 10:56:10.000"
"NTSPS1 -> DFCFC1","F08","Feeder","Damascus Road 3-1","12","2026-09-14 10:56:10.000"
"OMMST1 -> OMMST1","F18","Feeder",,"2","2026-09-14 10:56:10.000"
"QIA3T1 -> SMS2","F24","Feeder",,"1","2026-09-14 10:56:10.000"
"FGBMLS1 -> QCRMT1","F25","Feeder",,"19","2026-09-14 10:56:10.000"
"DFCFC1 -> NTSPS1","F08","Feeder","HH Sh.Rashid AlMaktoum Pakistan School 1","16","2026-09-14 10:56:10.000"
"DFCFC1 -> NTSPS1","F08","Feeder","DAFZA","10","2026-09-14 10:56:10.000"
"NTSPS1 -> DFCFC1","F08","Feeder","Al Nahda, 19A Street 1","2","2026-09-14 10:56:10.000"
"GSBS9 -> QSDH11","13","Urban",,"40","2026-09-14 10:56:10.000"
"BBMSL1 -> BBMSL1","F41","Feeder","Lillian Tower 2","18","2026-09-14 10:56:10.000"
"FGBMLS1 -> FGBMLS1","F25","Feeder",,"13","2026-09-14 10:56:10.000"
"LLV1 -> DICMS1","X28","Urban","Umm Suqeim, Dubai Municipality Center 1","31","2026-09-14 10:56:10.000"
"SMS2 -> QIA3T1","F24","Feeder",,"9","2026-09-14 10:56:10.000"
"DFCFC1 -> NTSPS1","F08","Feeder","Dubai Grand Hotel 1","13","2026-09-14 10:56:10.000"
"ANMS4 -> ANMS4","F21","Feeder",,"11","2026-09-14 10:56:10.000"
"DCO1 -> AN1T21","22","Urban","Stadium Metro Bus Stop 1","4","2026-09-14 10:56:10.000"
"DCO1 -> AN1T21","22","Urban",,"6","2026-09-14 10:56:10.000"
"FGBMLS1 -> FGBMLS1","F25","Feeder",,"0","2026-09-14 10:56:10.000"
"FGBMLS1 -> FGBMLS1","F25","Feeder",,"1","2026-09-14 10:56:10.000"
"DCO1 -> AN1T21","22","Urban",,"21","2026-09-14 10:56:10.000"
"MEMS1 -> MEMS1","F35","Feeder","Jebel Ali Horse Racecourse 2","24","2026-09-14 10:56:10.000"
"GSBS9 -> QSDH11","13","Urban",,"35","2026-09-14 10:56:10.000"
"DCCT1 -> AN1T21","22","Urban",,"3","2026-09-14 10:56:10.000"
"ETMS2 -> ETMS2","F28","Feeder",,"0","2026-09-14 10:56:10.000"
"DCO1 -> AN1T21","22","Urban","Dubai Womens College 1","9","2026-09-14 10:56:10.000"
"DCCT1 -> AN1T21","22","Urban",,"10","2026-09-14 10:56:10.000"
"FGBMLS1 -> QCRMT1","F25","Feeder",,"25","2026-09-14 10:56:10.000"
"FGBMLS1 -> QCRMT1","F25","Feeder","Al Quoz, APEX Concrete Factory","18","2026-09-14 10:56:10.000"
"ANMS4 -> ANMS4","F21","Feeder",,"20","2026-09-14 10:56:10.000"
"ANMS4 -> ANMS4","F21","Feeder","Al Nahda, Motawa Bldg","9","2026-09-14 10:56:10.000"
"DCO1 -> AN1T21","22","Urban","Al Nahda 1, Masjid Rada 1","17","2026-09-14 10:56:10.000"
"LLV1 -> DICMS1","X28","Urban",,"26","2026-09-14 10:56:10.000"
"GSBS9 -> QSDH11","13","Urban","Dubai Taxi Corparation, Main Office 3","27","2026-09-14 10:56:10.000"
"FGBMLS1 -> QCRMT1","F25","Feeder",,"21","2026-09-14 10:56:10.000"
"ICPM1 -> GSBS4","53","Urban",,"19","2026-09-14 10:56:10.000"
"FGBMLS1 -> QCRMT1","F25","Feeder",,"14","2026-09-14 10:56:10.000"
"GSBS4 -> ICPM1","53","Urban","International City, Morocco 1","23","2026-09-14 10:56:10.000"
"BBMSL1 -> BBMSL1","F41","Feeder","Mayfair Residency 2","14","2026-09-14 10:56:10.000"
"TMDBST1 -> DICMSL1","F31","Feeder",,"7","2026-09-14 10:56:10.000"
"FGBMLS1 -> QCRMT1","F25","Feeder",,"12","2026-09-14 10:56:10.000"
"BBMSL1 -> BBMSL1","F41","Feeder",,"1","2026-09-14 10:56:10.000"
"BBMSL1 -> BBMSL1","F41","Feeder","The Binary Tower 2","1","2026-09-14 10:56:10.000"
"ANMS4 -> ANMS4","F21","Feeder","Al Nahda, Park 1","15","2026-09-14 10:56:10.000"
"DCO1 -> AN1T21","22","Urban",,"12","2026-09-14 10:56:10.000"
"FGBMLS1 -> FGBMLS1","F25","Feeder",,"9","2026-09-14 10:56:10.000"
"FGBMLS1 -> QCRMT1","F25","Feeder","Al Quoz Mall 2","7","2026-09-14 10:56:10.000"
"BBMSL1 -> BBMSL1","F41","Feeder","Coral Tower 2","8","2026-09-14 10:56:10.000"
"FGBMLS1 -> QCRMT1","F25","Feeder","ETA Profiles 2","6","2026-09-14 10:56:10.000"
"BBMS1 -> BBMS1","F20","Feeder","Al Wasl Road, Ferdous Building 2","12","2026-09-14 10:56:10.000"
"GSBS4 -> ICPM1","53","Urban",,"15","2026-09-14 10:56:10.000"
"ANMS4 -> ANMS4","F21","Feeder",,"8","2026-09-14 10:56:10.000"
"ICPM1 -> GSBS4","53","Urban",,"24","2026-09-14 10:56:10.000"
"NTSPS1 -> DFCFC1","F08","Feeder","MAN Motors 1","9","2026-09-14 10:56:10.000"
"LLV1 -> DICMS1","X28","Urban",,"34","2026-09-14 10:56:10.000"
"FGBMLS1 -> FGBMLS1","F25","Feeder",,"30","2026-09-14 10:56:10.000"
"MEMS1 -> MEMS1","F35","Feeder",,"12","2026-09-14 10:56:10.000"
"FGBMLS1 -> QCRMT1","F25","Feeder","Al Quoz, Galaxy Paper Industries","20","2026-09-14 10:56:10.000"
"GSBS4 -> ICPM1","53","Urban",,"10","2026-09-14 10:56:10.000"
"LLV1 -> DICMS1","X28","Urban",,"27","2026-09-14 10:56:10.000"
"DCO1 -> AN1T21","22","Urban",,"7","2026-09-14 10:56:10.000"
"GSBS9 -> QSDH11","13","Urban",,"0","2026-09-14 10:56:10.000"
"NTSPS1 -> DFCFC1","F08","Feeder",,"0","2026-09-14 10:56:10.000"
"GSBS4 -> ICPM1","53","Urban",,"7","2026-09-14 10:56:10.000"
"GSBS4 -> ICPM1","53","Urban",,"1","2026-09-14 10:56:10.000"
"DCO1 -> AN1T21","22","Urban","Al Nahda 1, Burj Al Noor 1","21","2026-09-14 10:56:10.000"
"LLV1 -> DICMS1","X28","Urban","Dubai Airport Free Zone Metro Bus Stop 2","9","2026-09-14 10:56:10.000"
"DFCFC1 -> NTSPS1","F08","Feeder",,"0","2026-09-14 10:56:10.000"
"MTWS1 -> MPWS1","BM1","Marine","Marina Walk Marine Transport Station 1","1","2026-09-14 10:56:10.000"
"DCO1 -> AN1T21","22","Urban",,"14","2026-09-14 10:56:10.000"
"BBMS1 -> BBMS1","F20","Feeder",,"6","2026-09-14 10:56:10.000"
"LLV1 -> DICMS1","X28","Urban",,"33","2026-09-14 10:56:10.000"
"OMMST1 -> OMMST1","F18","Feeder",,"6","2026-09-14 10:56:10.000"
"GSBS9 -> QSDH11","13","Urban","Muhaisnah 2, Medical Centre","38","2026-09-14 10:56:10.000"
"ETMS2 -> ETMS2","F28","Feeder",,"12","2026-09-14 10:56:10.000"
"DFCFC1 -> NTSPS1","F08","Feeder",,"7","2026-09-14 10:56:10.000"
"GSBS4 -> ICPM1","53","Urban",,"29","2026-09-14 10:56:10.000"
"LLV1 -> DICMS1","X28","Urban",,"19","2026-09-14 10:56:10.000"
"MTWS1 -> MPWS1","BM1","Marine",,"3","2026-09-14 10:56:10.000"
"GSBS4 -> ICPM1","53","Urban",,"13","2026-09-14 10:56:10.000"
"GSBS4 -> ICPM1","53","Urban",,"8","2026-09-14 10:56:10.000"
"SMS2 -> QIA3T1","F24","Feeder",,"0","2026-09-14 10:56:10.000"
"TMDBST1 -> DICMSL1","F31","Feeder",,"1","2026-09-14 10:56:10.000"
"ETMS2 -> ETMS2","F28","Feeder","Satwa, Roundabout 2","8","2026-09-14 10:56:10.000"
"GSBS4 -> ICPM1","53","Urban","Dubai Festival City, Marks & Spencer 1","9","2026-09-14 10:56:10.000"
"GSBS9 -> QSDH11","13","Urban","Al Nakhal 1-1","3","2026-09-14 10:56:10.000"
"DFCFC1 -> NTSPS1","F08","Feeder",,"3","2026-09-14 10:56:10.000"
"DCO1 -> AN1T21","22","Urban","Emirates Driving Institute 1","7","2026-09-14 10:56:10.000"
"MWWS1 -> MPWS1","BM1","Marine",,"1","2026-09-14 10:56:10.000"
"DCO1 -> AN1T21","22","Urban",,"10","2026-09-14 10:56:10.000"
"BBMSL1 -> BBMSL1","F41","Feeder",,"3","2026-09-14 10:56:10.000"
"BBMSL1 -> BBMSL1","F41","Feeder",,"15","2026-09-14 10:56:10.000"
"DCCT1 -> AN1T21","22","Urban","Dubai Womens College Main Entrance 2","10","2026-09-14 10:56:10.000"
"DCCT1 -> AN1T21","22","Urban",,"20","2026-09-14 10:56:10.000"
"FGBMLS1 -> QCRMT1","F25","Feeder",,"6","2026-09-14 10:56:10.000"
"FGBMLS1 -> FGBMLS1","F25","Feeder",,"27","2026-09-14 10:56:10.000"
"GSBS9 -> QSDH11","13","Urban","Muraqqabat, Police Station 1","6","2026-09-14 10:56:10.000"
"LLV1 -> DICMS1","X28","Urban",,"23","2026-09-14 10:56:10.000"
"QIA3T1 -> SMS2","F24","Feeder",,"13","2026-09-14 10:56:10.000"
"GSBS4 -> ICPM1","53","Urban","International City, Post office 1","27","2026-09-14 10:56:10.000"
"LLV1 -> DICMS1","X28","Urban",,"28","2026-09-14 10:56:10.000"
"BBMS1 -> BBMS1","F20","Feeder",,"9","2026-09-14 10:56:10.000"
"DFCFC1 -> NTSPS1","F08","Feeder",,"8","2026-09-14 10:56:10.000"
"SMS2 -> QIA3T1","F24","Feeder","Dubai Carmel School 1","5","2026-09-14 10:56:10.000"
"NTSPS1 -> DFCFC1","F08","Feeder",,"19","2026-09-14 10:56:10.000"
"GSBS9 -> QSDH11","13","Urban",,"21","2026-09-14 10:56:10.000"
"DFCFC1 -> NTSPS1","F08","Feeder",,"1","2026-09-14 10:56:10.000"
"GSBS9 -> QSDH11","13","Urban",,"29","2026-09-14 10:56:10.000"
"ICPM1 -> GSBS4","53","Urban",,"18","2026-09-14 10:56:10.000"
"GSBS4 -> ICPM1","53","Urban",,"21","2026-09-14 10:56:10.000"
"QIA3T1 -> SMS2","F24","Feeder",,"12","2026-09-14 10:56:10.000"
"FGBMLS1 -> QCRMT1","F25","Feeder",,"5","2026-09-14 10:56:10.000"
"DFCFC1 -> NTSPS1","F08","Feeder","Dubai Police Private Kindergarten","9","2026-09-14 10:56:10.000"
"GSBS9 -> QSDH11","13","Urban","Public Transport Agency 1","26","2026-09-14 10:56:10.000"
"NTSPS1 -> DFCFC1","F08","Feeder","Dubai Festival City, IKEA1","23","2026-09-14 10:56:10.000"
"MMWS1 -> MTWS1","BM1","Marine",,"1","2026-09-14 10:56:10.000"
"JLTMSL -> JLTMSL","JLT2","Urban",,"0","2026-09-14 10:56:10.000"
"MMWS1 -> MTWS1","BM1","Marine","Marina Terrace Marine Transport Station","2","2026-09-14 10:56:10.000"
"SMS2 -> QIA3T1","F24","Feeder",,"5","2026-09-14 10:56:10.000"
"FGBMLS1 -> QCRMT1","F25","Feeder",,"16","2026-09-14 10:56:10.000"
"GSBS4 -> ICPM1","53","Urban","International City, Lake Entrance 1","22","2026-09-14 10:56:10.000"
"TMDBST1 -> DICMSL1","F31","Feeder",,"17","2026-09-14 10:56:10.000"
"BBMS1 -> BBMS1","F20","Feeder",,"2","2026-09-14 10:56:10.000"
"GSBS4 -> ICPM1","53","Urban",,"33","2026-09-14 10:56:10.000"
"FGBMLS1 -> QCRMT1","F25","Feeder","Habtoor Equipment Corporation 1","13","2026-09-14 10:56:10.000"
"DCCT1 -> AN1T21","22","Urban","Al Nahda, Canary Bldg 2","15","2026-09-14 10:56:10.000"
"GSBS9 -> QSDH11","13","Urban",,"4","2026-09-14 10:56:10.000"
"FGBMLS1 -> FGBMLS1","F25","Feeder",,"19","2026-09-14 10:56:10.000"
"GSBS4 -> ICPM1","53","Urban","Dubai Festival City, IKEA1","10","2026-09-14 10:56:10.000"
"TMDBST1 -> DICMSL1","F31","Feeder",,"13","2026-09-14 10:56:10.000"
"TMDBST1 -> DICMSL1","F31","Feeder","Dubai Internet City Metro Bus Stop Lands","19","2026-09-14 10:56:10.000"
"NTSPS1 -> DFCFC1","F08","Feeder",,"22","2026-09-14 10:56:10.000"
"LLV1 -> DICMS1","X28","Urban","Etihad Museum 1","24","2026-09-14 10:56:10.000"
"FGBMLS1 -> QCRMT1","F25","Feeder",,"3","2026-09-14 10:56:10.000"
"FGBMLS1 -> QCRMT1","F25","Feeder","Al Quoz, Emirates Glass 1","15","2026-09-14 10:56:10.000"
"DCCT1 -> AN1T21","22","Urban","Al Nahda, Shabab Alahli Club 1","2","2026-09-14 10:56:10.000"
"GSBS4 -> ICPM1","53","Urban","International City, Rivera Dreams Apartm","20","2026-09-14 10:56:10.000"
"DCCT1 -> AN1T21","22","Urban","Al Nahda, 19A Street 1","12","2026-09-14 10:56:10.000"
"BBMSL1 -> BBMSL1","F41","Feeder","Bay Square 2","6","2026-09-14 10:56:10.000"
"QIA3T1 -> SMS2","F24","Feeder","Al Nahda 1, Mai Tower","9","2026-09-14 10:56:10.000"
"DCO1 -> AN1T21","22","Urban",,"17","2026-09-14 10:56:10.000"
"LLV1 -> DICMS1","X28","Urban",,"15","2026-09-14 10:56:10.000"
"FGBMLS1 -> FGBMLS1","F25","Feeder",,"3","2026-09-14 10:56:10.000"
"DMSL1 -> DMSL1","JLT1","Urban",,"2","2026-09-14 10:56:10.000"
"BBMSL1 -> BBMSL1","F41","Feeder",,"17","2026-09-14 10:56:10.000"
"FGBMLS1 -> QCRMT1","F25","Feeder",,"20","2026-09-14 10:56:10.000"
"ICPM1 -> GSBS4","53","Urban","City Centre Metro Bus Stop 1-3","16","2026-09-14 10:56:10.000"
"FGBMLS1 -> FGBMLS1","F25","Feeder","Habtoor Equipment Corporation 1","13","2026-09-14 10:56:10.000"
"ANMS4 -> ANMS4","F21","Feeder",,"19","2026-09-14 10:56:10.000"
"SMS2 -> QIA3T1","F24","Feeder","Al Maaref Private School","2","2026-09-14 10:56:10.000"
"QIA3T1 -> SMS2","F24","Feeder",,"6","2026-09-14 10:56:10.000"
"DCCT1 -> AN1T21","22","Urban",,"1","2026-09-14 10:56:10.000"
"DCCT1 -> AN1T21","22","Urban",,"11","2026-09-14 10:56:10.000"
"ICPM1 -> GSBS4","53","Urban","Al Badia residence 1&8,A2-1","12","2026-09-14 10:56:10.000"
"LLV1 -> DICMS1","X28","Urban",,"17","2026-09-14 10:56:10.000"
"BBMS1 -> BBMS1","F20","Feeder","Al Wasl, Street 35, Dar Al Ber Society 2","14","2026-09-14 10:56:10.000"
"ANMS4 -> ANMS4","F21","Feeder","Al Nahda  Metro Bus Stop 2","0","2026-09-14 10:56:10.000"
"ANMS4 -> ANMS4","F21","Feeder",,"5","2026-09-14 10:56:10.000"
"GSBS4 -> ICPM1","53","Urban",,"31","2026-09-14 10:56:10.000"
"FGBMLS1 -> QCRMT1","F25","Feeder",,"22","2026-09-14 10:56:10.000"
"NTSPS1 -> DFCFC1","F08","Feeder",,"4","2026-09-14 10:56:10.000"
"FGBMLS1 -> QCRMT1","F25","Feeder",,"7","2026-09-14 10:56:10.000"
"NTSPS1 -> DFCFC1","F08","Feeder",,"20","2026-09-14 10:56:10.000"
"ANMS4 -> ANMS4","F21","Feeder","Al Nahda, 12 St 2","7","2026-09-14 10:56:10.000"
"FGBMLS1 -> FGBMLS1","F25","Feeder",,"15","2026-09-14 10:56:10.000"
"ICPM1 -> GSBS4","53","Urban",,"12","2026-09-14 10:56:10.000"
"NTSPS1 -> DFCFC1","F08","Feeder",,"6","2026-09-14 10:56:10.000"
"MEMS1 -> MEMS1","F35","Feeder","Al Barsha E-2","25","2026-09-14 10:56:10.000"
"ICPM1 -> GSBS4","53","Urban",,"22","2026-09-14 10:56:10.000"
"DCCT1 -> AN1T21","22","Urban",,"14","2026-09-14 10:56:10.000"
"GSBS9 -> QSDH11","13","Urban",,"6","2026-09-14 10:56:10.000"
"NTSPS1 -> DFCFC1","F08","Feeder","Emirates Engineering 2","18","2026-09-14 10:56:10.000"
"FGBMLS1 -> QCRMT1","F25","Feeder",,"10","2026-09-14 10:56:10.000"
"BBMSL1 -> BBMSL1","F41","Feeder",,"13","2026-09-14 10:56:10.000"
"DCCT1 -> AN1T21","22","Urban",,"21","2026-09-14 10:56:10.000"
"NTSPS1 -> DFCFC1","F08","Feeder","Al Qusais Industrial Area 2","10","2026-09-14 10:56:10.000"
"GSBS9 -> QSDH11","13","Urban","Reef Mall 1","5","2026-09-14 10:56:10.000"
"DCCT1 -> AN1T21","22","Urban","Emirates Driving Institute 1","6","2026-09-14 10:56:10.000"
"FGBMLS1 -> FGBMLS1","F25","Feeder",,"6","2026-09-14 10:56:10.000"
"ICPM1 -> GSBS4","53","Urban",,"16","2026-09-14 10:56:10.000"
"FGBMLS1 -> QCRMT1","F25","Feeder","Al Quoz, Al Shirawi Equipment Co 2","26","2026-09-14 10:56:10.000"
"FGBMLS1 -> FGBMLS1","F25","Feeder","Al Quoz, Emirates Glass 1","15","2026-09-14 10:56:10.000"
"FGBMLS1 -> QCRMT1","F25","Feeder","7 Up Staff Accommodation 2","25","2026-09-14 10:56:10.000"
"DFCFC1 -> NTSPS1","F08","Feeder",,"12","2026-09-14 10:56:10.000"
"FGBMLS1 -> FGBMLS1","F25","Feeder","Al Quoz, Al Shirawi Equipment Co 2","26","2026-09-14 10:56:10.000"
"TMDBST1 -> DICMSL1","F31","Feeder",,"15","2026-09-14 10:56:10.000"
"GSBS4 -> ICPM1","53","Urban",,"4","2026-09-14 10:56:10.000"
"BBMS1 -> BBMS1","F20","Feeder","Al Wasl, Street 35A-2","15","2026-09-14 10:56:10.000"
"BBMS1 -> BBMS1","F20","Feeder",,"15","2026-09-14 10:56:10.000"
"MEMS1 -> MEMS1","F35","Feeder","The Greens, Al Dhafra","15","2026-09-14 10:56:10.000"
"ETMS2 -> ETMS2","F28","Feeder","Durrah Tower","11","2026-09-14 10:56:10.000"
"BBMSL1 -> BBMSL1","F41","Feeder",,"4","2026-09-14 10:56:10.000"
"JWTS1 -> DFCS1","BM2","Marine",,"0","2026-09-14 10:56:10.000"
"DFCS1 -> JWTS1","BM2","Marine","Al Jaddaf Marine Transport Station 1","1","2026-09-14 10:56:10.000"
"NTSPS1 -> DFCFC1","F08","Feeder","DAFZA","17","2026-09-14 10:56:10.000"
"DFCFC1 -> NTSPS1","F08","Feeder",,"20","2026-09-14 10:56:10.000"
"GSBS9 -> QSDH11","13","Urban","Fortune Plaza Hotel 1","16","2026-09-14 10:56:10.000"
"FGBMLS1 -> FGBMLS1","F25","Feeder","ETA Profiles 2","6","2026-09-14 10:56:10.000"
"MEMS1 -> MEMS1","F35","Feeder",,"5","2026-09-14 10:56:10.000"
"SMS2 -> QIA3T1","F24","Feeder",,"2","2026-09-14 10:56:10.000"
"MPWS1 -> MTWS1","BM1","Marine","Marina Walk Marine Transport Station 1","2","2026-09-14 10:56:10.000"
"GSBS9 -> QSDH11","13","Urban",,"32","2026-09-14 10:56:10.000"
"TMDBST1 -> DICMSL1","F31","Feeder",,"2","2026-09-14 10:56:10.000"
"ICPM1 -> GSBS4","53","Urban",,"10","2026-09-14 10:56:10.000"
"MTWS1 -> MPWS1","BM1","Marine","Marina Mall Marine Transport Station 1","2","2026-09-14 10:56:10.000"
"LLV1 -> DICMS1","X28","Urban",,"22","2026-09-14 10:56:10.000"
"FGBMLS1 -> FGBMLS1","F25","Feeder",,"17","2026-09-14 10:56:10.000"
"TMDBST1 -> DICMSL1","F31","Feeder","Al Barsha Heights, Ramee Guestline Hotel","15","2026-09-14 10:56:10.000"
"QIA3T1 -> SMS2","F24","Feeder","Nahda 1, Enoc","7","2026-09-14 10:56:10.000"
"ICPM1 -> GSBS4","53","Urban","Al Badia, Entrance 2","9","2026-09-14 10:56:10.000"
"OMMST1 -> OMMST1","F18","Feeder",,"3","2026-09-14 10:56:10.000"
"DMSL1 -> DMSL1","JLT1","Urban",,"0","2026-09-14 10:56:10.000"
"NTSPS1 -> DFCFC1","F08","Feeder","Damascus Road 1-1","14","2026-09-14 10:56:10.000"
"TMDBST1 -> DICMSL1","F31","Feeder",,"19","2026-09-14 10:56:10.000"
"GSBS4 -> ICPM1","53","Urban",,"5","2026-09-14 10:56:10.000"
"ANMS4 -> ANMS4","F21","Feeder","Al Nahda  Metro Bus Stop 2","20","2026-09-14 10:56:10.000"
"JLTMSL -> JLTMSL","JLT2","Urban","JLT, The Dome Tower","4","2026-09-14 10:56:10.000"
"FGBMLS1 -> QCRMT1","F25","Feeder",,"24","2026-09-14 10:56:10.000"
"LLV1 -> DICMS1","X28","Urban",,"0","2026-09-14 10:56:10.000"
"ETMS2 -> ETMS2","F28","Feeder",,"1","2026-09-14 10:56:10.000"
"OMMST1 -> OMMST1","F18","Feeder",,"4","2026-09-14 10:56:10.000"
"FGBMLS1 -> FGBMLS1","F25","Feeder",,"7","2026-09-14 10:56:10.000"
"ANMS4 -> ANMS4","F21","Feeder",,"10","2026-09-14 10:56:10.000"
"GSBS9 -> QSDH11","13","Urban","Muhaisnah 2, Gargash Labour Camp","37","2026-09-14 10:56:10.000"
"OMMST1 -> OMMST1","F18","Feeder",,"8","2026-09-14 10:56:10.000"
"MTWS1 -> MPWS1","BM1","Marine",,"1","2026-09-14 10:56:10.000"
"MWWS1 -> MPWS1","BM1","Marine","Marina Mall Marine Transport Station 1","1","2026-09-14 10:56:10.000"
"FGBMLS1 -> QCRMT1","F25","Feeder",,"0","2026-09-14 10:56:10.000"
"DCO1 -> AN1T21","22","Urban","Ministry Of Human Resources & Emiratisat","8","2026-09-14 10:56:10.000"
"FGBMLS1 -> FGBMLS1","F25","Feeder",,"24","2026-09-14 10:56:10.000"
"BBMSL1 -> BBMSL1","F41","Feeder","Clayton Residency 2","12","2026-09-14 10:56:10.000"
"DCCT1 -> AN1T21","22","Urban",,"17","2026-09-14 10:56:10.000"
"ICPM1 -> GSBS4","53","Urban",,"6","2026-09-14 10:56:10.000"
"BBMS1 -> BBMS1","F20","Feeder",,"13","2026-09-14 10:56:10.000"
"GSBS9 -> QSDH11","13","Urban",,"5","2026-09-14 10:56:10.000"
"ANMS4 -> ANMS4","F21","Feeder",,"4","2026-09-14 10:56:10.000"
"GSBS9 -> QSDH11","13","Urban","Stadium Metro Bus Stop 1","11","2026-09-14 10:56:10.000"
"ICPM1 -> GSBS4","53","Urban",,"7","2026-09-14 10:56:10.000"
"MWWS1 -> MPWS1","BM1","Marine",,"0","2026-09-14 10:56:10.000"
"DCO1 -> AN1T21","22","Urban","Al Nahda, Shabab Alahli Club 1","3","2026-09-14 10:56:10.000"
"DFCS1 -> JWTS1","BM2","Marine",,"1","2026-09-14 10:56:10.000"
"LLV1 -> DICMS1","X28","Urban",,"32","2026-09-14 10:56:10.000"
"QIA3T1 -> SMS2","F24","Feeder",,"4","2026-09-14 10:56:10.000"
"GSBS9 -> QSDH11","13","Urban",,"15","2026-09-14 10:56:10.000"
"BBMS1 -> BBMS1","F20","Feeder",,"10","2026-09-14 10:56:10.000"
"LLV1 -> DICMS1","X28","Urban",,"30","2026-09-14 10:56:10.000"
"GSBS9 -> QSDH11","13","Urban","Muhaisnah 4, New Housing 2","24","2026-09-14 10:56:10.000"
"MPWS1 -> MTWS1","BM1","Marine",,"1","2026-09-14 10:56:10.000"
"TMDBST1 -> DICMSL1","F31","Feeder",,"9","2026-09-14 10:56:10.000"
"QIA3T1 -> SMS2","F24","Feeder","Al Qusais, Public Transport Depot 2","4","2026-09-14 10:56:10.000"
"SMS2 -> QIA3T1","F24","Feeder","Sahara Center 1","4","2026-09-14 10:56:10.000"
"DCCT1 -> AN1T21","22","Urban",,"0","2026-09-14 10:56:10.000"
"MEMS1 -> MEMS1","F35","Feeder",,"21","2026-09-14 10:56:10.000"
"DMSL1 -> DMSL1","JLT1","Urban",,"3","2026-09-14 10:56:10.000"
"GSBS4 -> ICPM1","53","Urban","Dragon Mart 2 External","19","2026-09-14 10:56:10.000"
"ANMS4 -> ANMS4","F21","Feeder","Ministry of Information 2","1","2026-09-14 10:56:10.000"
"ANMS4 -> ANMS4","F21","Feeder",,"1","2026-09-14 10:56:10.000"
"MEMS1 -> MEMS1","F35","Feeder",,"25","2026-09-14 10:56:10.000"
"FGBMLS1 -> FGBMLS1","F25","Feeder","Al Quoz, APEX Concrete Factory","18","2026-09-14 10:56:10.000"
"GSBS4 -> ICPM1","53","Urban","International City, China 3-1","24","2026-09-14 10:56:10.000"
"OMMST1 -> OMMST1","F18","Feeder","Oud Metha Road 1-1","1","2026-09-14 10:56:10.000"
"ICPM1 -> GSBS4","53","Urban","Etisalat Head Office 2","20","2026-09-14 10:56:10.000"
"GSBS9 -> QSDH11","13","Urban",,"23","2026-09-14 10:56:10.000"
"DCO1 -> AN1T21","22","Urban","Al Nahda, Madina Super Market 1","14","2026-09-14 10:56:10.000"
"JWTS1 -> DFCS1","BM2","Marine","Al Jaddaf Marine Transport Station 1","0","2026-09-14 10:56:10.000"
"MEMS1 -> MEMS1","F35","Feeder","Al Barsha Heights, Mashael Building 1","19","2026-09-14 10:56:10.000"
"GSBS9 -> QSDH11","13","Urban",,"9","2026-09-14 10:56:10.000"
"DCCT1 -> AN1T21","22","Urban",,"19","2026-09-14 10:56:10.000"
"FGBMLS1 -> FGBMLS1","F25","Feeder","Gold & Diamond Park 1","1","2026-09-14 10:56:10.000"
"ANMS4 -> ANMS4","F21","Feeder",,"16","2026-09-14 10:56:10.000"
"MEMS1 -> MEMS1","F35","Feeder",,"10","2026-09-14 10:56:10.000"
"MEMS1 -> MEMS1","F35","Feeder",,"23","2026-09-14 10:56:10.000"
"MEMS1 -> MEMS1","F35","Feeder",,"28","2026-09-14 10:56:10.000"
"DFCFC1 -> NTSPS1","F08","Feeder","ENOC, Quds Street","8","2026-09-14 10:56:10.000"
"NTSPS1 -> DFCFC1","F08","Feeder","Dubai Festival City, Marks & Spencer 1","22","2026-09-14 10:56:10.000"
"DCO1 -> AN1T21","22","Urban","Al Nahda, 19A Street 1","13","2026-09-14 10:56:10.000"
"ICPM1 -> GSBS4","53","Urban",,"4","2026-09-14 10:56:10.000"
"ETMS2 -> ETMS2","F28","Feeder","Emirates Tower Metro Bus Stop Seaside","12","2026-09-14 10:56:10.000"
"ETMS2 -> ETMS2","F28","Feeder","White Crown Tower","10","2026-09-14 10:56:10.000"
"MTWS1 -> MPWS1","BM1","Marine","Marina Terrace Marine Transport Station","0","2026-09-14 10:56:10.000"
"GSBS9 -> QSDH11","13","Urban",,"10","2026-09-14 10:56:10.000"
"QIA3T1 -> SMS2","F24","Feeder",,"7","2026-09-14 10:56:10.000"
"NTSPS1 -> DFCFC1","F08","Feeder",,"7","2026-09-14 10:56:10.000"
"MMWS1 -> MTWS1","BM1","Marine",,"0","2026-09-14 10:56:10.000"
"ICPM1 -> GSBS4","53","Urban",,"15","2026-09-14 10:56:10.000"
"DCCT1 -> AN1T21","22","Urban",,"7","2026-09-14 10:56:10.000"
"MEMS1 -> MEMS1","F35","Feeder","Mall of the Emirates, Saleh Bin Lahej Bu","30","2026-09-14 10:56:10.000"
"NTSPS1 -> DFCFC1","F08","Feeder",,"12","2026-09-14 10:56:10.000"
"MEMS1 -> MEMS1","F35","Feeder",,"8","2026-09-14 10:56:10.000"
"GSBS9 -> QSDH11","13","Urban",,"13","2026-09-14 10:56:10.000"
"DCCT1 -> AN1T21","22","Urban",,"15","2026-09-14 10:56:10.000"
"DFCFC1 -> NTSPS1","F08","Feeder","Dubai Festival City, Festival Centre 1","0","2026-09-14 10:56:10.000"
"TMDBST1 -> DICMSL1","F31","Feeder","The Meadows, Dubai British School","0","2026-09-14 10:56:10.000"
"BBMSL1 -> BBMSL1","F41","Feeder","Burj View central Tower 2","5","2026-09-14 10:56:10.000"
"ICPM1 -> GSBS4","53","Urban",,"14","2026-09-14 10:56:10.000"
"QIA3T1 -> SMS2","F24","Feeder",,"3","2026-09-14 10:56:10.000"
"FGBMLS1 -> FGBMLS1","F25","Feeder",,"18","2026-09-14 10:56:10.000"
"ICPM1 -> GSBS4","53","Urban",,"11","2026-09-14 10:56:10.000"
"SMS2 -> QIA3T1","F24","Feeder","Al Qusais Industrial Area 3, Masjid Must","7","2026-09-14 10:56:10.000"
"BBMSL1 -> BBMSL1","F41","Feeder",,"12","2026-09-14 10:56:10.000"
"TMDBST1 -> DICMSL1","F31","Feeder","The Springs, Entrance gate 5-1","6","2026-09-14 10:56:10.000"
"ANMS4 -> ANMS4","F21","Feeder",,"18","2026-09-14 10:56:10.000"
"FGBMLS1 -> FGBMLS1","F25","Feeder",,"4","2026-09-14 10:56:10.000"
"ICPM1 -> GSBS4","53","Urban","Dnata 2","17","2026-09-14 10:56:10.000"
"GSBS9 -> QSDH11","13","Urban","Muhaisnah 2, Dubai Municipality Staff Ho","40","2026-09-14 10:56:10.000"
"MEMS1 -> MEMS1","F35","Feeder",,"13","2026-09-14 10:56:10.000"
"ICPM1 -> GSBS4","53","Urban",,"2","2026-09-14 10:56:10.000"
"FGBMLS1 -> QCRMT1","F25","Feeder",,"27","2026-09-14 10:56:10.000"
"BBMS1 -> BBMS1","F20","Feeder","Al Safa, Street 13A-1","9","2026-09-14 10:56:10.000"
"GSBS9 -> QSDH11","13","Urban","Muhaisnah 2, Galadari Labour Camp 1","35","2026-09-14 10:56:10.000"
"MEMS1 -> MEMS1","F35","Feeder",,"22","2026-09-14 10:56:10.000"
"ANMS4 -> ANMS4","F21","Feeder","Al Nahda, Park 2","16","2026-09-14 10:56:10.000"
"LLV1 -> DICMS1","X28","Urban",,"24","2026-09-14 10:56:10.000"
"MEMS1 -> MEMS1","F35","Feeder","Al Barsha, Roots Saloon 2","8","2026-09-14 10:56:10.000"
"BBMS1 -> BBMS1","F20","Feeder",,"0","2026-09-14 10:56:10.000"
"JLTMSL -> JLTMSL","JLT2","Urban",,"6","2026-09-14 10:56:10.000"
"MEMS1 -> MEMS1","F35","Feeder","Mall of the Emirates, Saleh Bin Lahej Bu","4","2026-09-14 10:56:10.000"
"OMMST1 -> OMMST1","F18","Feeder","Oud Metha Metro Bus Stop 1","8","2026-09-14 10:56:10.000"
"BBMSL1 -> BBMSL1","F41","Feeder","Fairview Residency 2","13","2026-09-14 10:56:10.000"
"FGBMLS1 -> QCRMT1","F25","Feeder","Hilton Jumeria Hotel, Accomodation","11","2026-09-14 10:56:10.000"
"BBMS1 -> BBMS1","F20","Feeder",,"3","2026-09-14 10:56:10.000"
"SMS2 -> QIA3T1","F24","Feeder",,"1","2026-09-14 10:56:10.000"
"DCO1 -> AN1T21","22","Urban","Al Nahda 1, Terminus 1","22","2026-09-14 10:56:10.000"
"OMMST1 -> OMMST1","F18","Feeder",,"5","2026-09-14 10:56:10.000"
"NTSPS1 -> DFCFC1","F08","Feeder","Al Nahda, Madina Super Market 1","3","2026-09-14 10:56:10.000"
"ICPM1 -> GSBS4","53","Urban",,"5","2026-09-14 10:56:10.000"
"SMS2 -> QIA3T1","F24","Feeder",,"4","2026-09-14 10:56:10.000"
"GSBS4 -> ICPM1","53","Urban",,"14","2026-09-14 10:56:10.000"
"ICPM1 -> GSBS4","53","Urban","Dubai Festival City, Festival Centre 1","14","2026-09-14 10:56:10.000"
"BBMSL1 -> BBMSL1","F41","Feeder",,"2","2026-09-14 10:56:10.000"
"DCCT1 -> AN1T21","22","Urban","Ministry Of Human Resources & Emiratisat","7","2026-09-14 10:56:10.000"
"GSBS4 -> ICPM1","53","Urban","Al Badia, Residences 1","13","2026-09-14 10:56:10.000"
"DCCT1 -> AN1T21","22","Urban",,"16","2026-09-14 10:56:10.000"
"MWWS1 -> MPWS1","BM1","Marine","Marina Walk Marine Transport Station 1","0","2026-09-14 10:56:10.000"
"BBMS1 -> BBMS1","F20","Feeder","Al Safa, Street 19A-1","10","2026-09-14 10:56:10.000"
"GSBS9 -> QSDH11","13","Urban",,"7","2026-09-14 10:56:10.000"
"LLV1 -> DICMS1","X28","Urban","Burj Al Arab Hotel 1","34","2026-09-14 10:56:10.000"
"MWWS1 -> MPWS1","BM1","Marine","Marina Promenade Marine Transport Statio","2","2026-09-14 10:56:10.000"
"GSBS9 -> QSDH11","13","Urban",,"16","2026-09-14 10:56:10.000"
"DCO1 -> AN1T21","22","Urban","Al Nahda 1, Zaafranah 1","20","2026-09-14 10:56:10.000"
"MEMS1 -> MEMS1","F35","Feeder",,"3","2026-09-14 10:56:10.000"
"GSBS9 -> QSDH11","13","Urban",,"24","2026-09-14 10:56:10.000"
"MEMS1 -> MEMS1","F35","Feeder",,"30","2026-09-14 10:56:10.000"
"LLV1 -> DICMS1","X28","Urban","Al Khulafaa Al Rashideen Boys School 2","8","2026-09-14 10:56:10.000"
"SMS2 -> QIA3T1","F24","Feeder",,"10","2026-09-14 10:56:10.000"
"TMDBST1 -> DICMSL1","F31","Feeder",,"6","2026-09-14 10:56:10.000"
"MEMS1 -> MEMS1","F35","Feeder","Sheikh Zayed Service Rd, Coral Boutique","5","2026-09-14 10:56:10.000"
"LLV1 -> DICMS1","X28","Urban","Dubai Scout Mission 2","14","2026-09-14 10:56:10.000"
"DMSL1 -> DMSL1","JLT1","Urban",,"4","2026-09-14 10:56:10.000"
"FGBMLS1 -> FGBMLS1","F25","Feeder",,"23","2026-09-14 10:56:10.000"
"NTSPS1 -> DFCFC1","F08","Feeder","Dubai Carmel School 1","7","2026-09-14 10:56:10.000"
"DFCFC1 -> NTSPS1","F08","Feeder",,"22","2026-09-14 10:56:10.000"
"GSBS9 -> QSDH11","13","Urban","Muhaisnah 2, Al Ghurair Labour Camp 2","32","2026-09-14 10:56:10.000"
"GSBS9 -> QSDH11","13","Urban","Muhaisnah 2, Entrance 1","28","2026-09-14 10:56:10.000"
"DFCS1 -> JWTS1","BM2","Marine",,"0","2026-09-14 10:56:10.000"
"GSBS4 -> ICPM1","53","Urban",,"2","2026-09-14 10:56:10.000"
"DFCFC1 -> NTSPS1","F08","Feeder",,"4","2026-09-14 10:56:10.000"
"GSBS4 -> ICPM1","53","Urban",,"3","2026-09-14 10:56:10.000"
"FGBMLS1 -> FGBMLS1","F25","Feeder",,"21","2026-09-14 10:56:10.000"
"BBMS1 -> BBMS1","F20","Feeder",,"17","2026-09-14 10:56:10.000"
"FGBMLS1 -> QCRMT1","F25","Feeder",,"2","2026-09-14 10:56:10.000"
"BBMSL1 -> BBMSL1","F41","Feeder","Business Bay Metro Bus Stop Landside","0","2026-09-14 10:56:10.000"
"BBMSL1 -> BBMSL1","F41","Feeder",,"0","2026-09-14 10:56:10.000"
"LLV1 -> DICMS1","X28","Urban",,"20","2026-09-14 10:56:10.000"
"FGBMLS1 -> QCRMT1","F25","Feeder","7 Up Staff Accommodation 2","10","2026-09-14 10:56:10.000"
"DCCT1 -> AN1T21","22","Urban",,"2","2026-09-14 10:56:10.000"
"TMDBST1 -> DICMSL1","F31","Feeder",,"11","2026-09-14 10:56:10.000"
"DCCT1 -> AN1T21","22","Urban",,"9","2026-09-14 10:56:10.000"
"ETMS2 -> ETMS2","F28","Feeder","Wasl, Masjid 2","2","2026-09-14 10:56:10.000"
"NTSPS1 -> DFCFC1","F08","Feeder",,"23","2026-09-14 10:56:10.000"
"DFCFC1 -> NTSPS1","F08","Feeder","Mawakeb School 2","2","2026-09-14 10:56:10.000"
"GSBS9 -> QSDH11","13","Urban",,"18","2026-09-14 10:56:10.000"
"FGBMLS1 -> QCRMT1","F25","Feeder",,"4","2026-09-14 10:56:10.000"
"DFCFC1 -> NTSPS1","F08","Feeder",,"17","2026-09-14 10:56:10.000"
"MMWS1 -> MTWS1","BM1","Marine","Marina Walk Marine Transport Station 1","1","2026-09-14 10:56:10.000"
"LLV1 -> DICMS1","X28","Urban",,"2","2026-09-14 10:56:10.000"
"LLV1 -> DICMS1","X28","Urban",,"10","2026-09-14 10:56:10.000"
"DCCT1 -> AN1T21","22","Urban","Al Nahda 1, Masjid Rada 1","16","2026-09-14 10:56:10.000"
"ETMS2 -> ETMS2","F28","Feeder",,"9","2026-09-14 10:56:10.000"
"DCO1 -> AN1T21","22","Urban",,"0","2026-09-14 10:56:10.000"
"GSBS9 -> QSDH11","13","Urban",,"1","2026-09-14 10:56:10.000"
"ETMS2 -> ETMS2","F28","Feeder",,"10","2026-09-14 10:56:10.000"
"ETMS2 -> ETMS2","F28","Feeder",,"8","2026-09-14 10:56:10.000"
"GSBS9 -> QSDH11","13","Urban","Abu Baker Al Siddique Metro Bus Stop 1","7","2026-09-14 10:56:10.000"
"LLV1 -> DICMS1","X28","Urban",,"11","2026-09-14 10:56:10.000"
"GSBS4 -> ICPM1","53","Urban","Ras Al Khor, Comm. Complex 2","18","2026-09-14 10:56:10.000"
"FGBMLS1 -> QCRMT1","F25","Feeder",,"13","2026-09-14 10:56:10.000"
"DCCT1 -> AN1T21","22","Urban",,"18","2026-09-14 10:56:10.000"
"MEMS1 -> MEMS1","F35","Feeder",,"24","2026-09-14 10:56:10.000"
"FGBMLS1 -> QCRMT1","F25","Feeder","Al Quoz, Clinical Pathology Services 1","19","2026-09-14 10:56:10.000"
"TMDBST1 -> DICMSL1","F31","Feeder",,"3","2026-09-14 10:56:10.000"
"ETMS2 -> ETMS2","F28","Feeder","Satwa, Post Office","7","2026-09-14 10:56:10.000"
"GSBS9 -> QSDH11","13","Urban",,"33","2026-09-14 10:56:10.000"
"LLV1 -> DICMS1","X28","Urban",,"14","2026-09-14 10:56:10.000"
"MPWS1 -> MTWS1","BM1","Marine","Marina Terrace Marine Transport Station","3","2026-09-14 10:56:10.000"
"BBMSL1 -> BBMSL1","F41","Feeder","Clover Bay Tower 2","2","2026-09-14 10:56:10.000"
"ANMS4 -> ANMS4","F21","Feeder",,"12","2026-09-14 10:56:10.000"
"BBMSL1 -> BBMSL1","F41","Feeder",,"18","2026-09-14 10:56:10.000"
"DCO1 -> AN1T21","22","Urban",,"11","2026-09-14 10:56:10.000"
"LLV1 -> DICMS1","X28","Urban",,"7","2026-09-14 10:56:10.000"
"BBMS1 -> BBMS1","F20","Feeder",,"5","2026-09-14 10:56:10.000"
"FGBMLS1 -> FGBMLS1","F25","Feeder",,"8","2026-09-14 10:56:10.000"
"GSBS9 -> QSDH11","13","Urban",,"8","2026-09-14 10:56:10.000"
"GSBS4 -> ICPM1","53","Urban","International City, China 2-1","25","2026-09-14 10:56:10.000"
"BBMS1 -> BBMS1","F20","Feeder","Al Safa, Street 8B, Private School 1","7","2026-09-14 10:56:10.000"
"MPWS1 -> MTWS1","BM1","Marine",,"0","2026-09-14 10:56:10.000"
"GSBS9 -> QSDH11","13","Urban",,"20","2026-09-14 10:56:10.000"
"GSBS9 -> QSDH11","13","Urban",,"39","2026-09-14 10:56:10.000"
"BBMSL1 -> BBMSL1","F41","Feeder","Lake Central Tower 2","3","2026-09-14 10:56:10.000"
"JLTMSL -> JLTMSL","JLT2","Urban","JLT, Dubai Arch Tower","1","2026-09-14 10:56:10.000"
"ICPM1 -> GSBS4","53","Urban","Union Metro Bus Stop 3-1","21","2026-09-14 10:56:10.000"
"LLV1 -> DICMS1","X28","Urban","Al Jadeed Bakery 2","13","2026-09-14 10:56:10.000"
"ETMS2 -> ETMS2","F28","Feeder",,"3","2026-09-14 10:56:10.000"
"DCO1 -> AN1T21","22","Urban","Dubai Womens College Main Entrance 2","11","2026-09-14 10:56:10.000"
"MWWS1 -> MPWS1","BM1","Marine",,"2","2026-09-14 10:56:10.000"
"SMS2 -> QIA3T1","F24","Feeder",,"6","2026-09-14 10:56:10.000"
"MEMS1 -> MEMS1","F35","Feeder","The Greens, Terminus","16","2026-09-14 10:56:10.000"
"LLV1 -> DICMS1","X28","Urban","Majlis Al Ghoreifa 1","29","2026-09-14 10:56:10.000"
"NTSPS1 -> DFCFC1","F08","Feeder","Damascus Road 2-1","13","2026-09-14 10:56:10.000"
"DFCFC1 -> NTSPS1","F08","Feeder","Twar 1, Emarat Pertol Stn-Al Mawred 2","11","2026-09-14 10:56:10.000"
"TMDBST1 -> DICMSL1","F31","Feeder",,"5","2026-09-14 10:56:10.000"
"DCO1 -> AN1T21","22","Urban",,"18","2026-09-14 10:56:10.000"
"DCO1 -> AN1T21","22","Urban",,"1","2026-09-14 10:56:10.000"
"ICPM1 -> GSBS4","53","Urban",,"20","2026-09-14 10:56:10.000"
"LLV1 -> DICMS1","X28","Urban","Emirates Housing 1","2","2026-09-14 10:56:10.000"
"LLV1 -> DICMS1","X28","Urban",,"6","2026-09-14 10:56:10.000"
"BBMSL1 -> BBMSL1","F41","Feeder",,"5","2026-09-14 10:56:10.000"
"MEMS1 -> MEMS1","F35","Feeder",,"18","2026-09-14 10:56:10.000"
"JLTMSL -> JLTMSL","JLT2","Urban",,"5","2026-09-14 10:56:10.000"
"DCO1 -> AN1T21","22","Urban",,"13","2026-09-14 10:56:10.000"
"FGBMLS1 -> FGBMLS1","F25","Feeder","Al Quoz, Clinical Pathology Services 1","19","2026-09-14 10:56:10.000"
"QIA3T1 -> SMS2","F24","Feeder",,"10","2026-09-14 10:56:10.000"
"BBMS1 -> BBMS1","F20","Feeder","Business Bay Metro Bus Stop Seaside","0","2026-09-14 10:56:10.000"
"DCO1 -> AN1T21","22","Urban",,"15","2026-09-14 10:56:10.000"
"FGBMLS1 -> QCRMT1","F25","Feeder","Al Quoz, Dynamic Industries","17","2026-09-14 10:56:10.000"
"DCO1 -> AN1T21","22","Urban",,"23","2026-09-14 10:56:10.000"
"LLV1 -> DICMS1","X28","Urban",,"13","2026-09-14 10:56:10.000"
"ICPM1 -> GSBS4","53","Urban",,"3","2026-09-14 10:56:10.000"
"FGBMLS1 -> QCRMT1","F25","Feeder",,"18","2026-09-14 10:56:10.000"
"DFCFC1 -> NTSPS1","F08","Feeder",,"16","2026-09-14 10:56:10.000"
"LLV1 -> DICMS1","X28","Urban","Damascus Road 3-1","6","2026-09-14 10:56:10.000"
"DMSL1 -> DMSL1","JLT1","Urban",,"6","2026-09-14 10:56:10.000"
"GSBS9 -> QSDH11","13","Urban",,"25","2026-09-14 10:56:10.000"
"OMMST1 -> OMMST1","F18","Feeder","Nasr Sports Club 2","6","2026-09-14 10:56:10.000"
"ANMS4 -> ANMS4","F21","Feeder",,"6","2026-09-14 10:56:10.000"
"TMDBST1 -> DICMSL1","F31","Feeder",,"16","2026-09-14 10:56:10.000"
"GSBS4 -> ICPM1","53","Urban","International City, Rivera Dreams Apartm","30","2026-09-14 10:56:10.000"
"LLV1 -> DICMS1","X28","Urban","Russian International School 2","3","2026-09-14 10:56:10.000"
"DCO1 -> AN1T21","22","Urban",,"3","2026-09-14 10:56:10.000"
"LLV1 -> DICMS1","X28","Urban","Ministry of Information 2","11","2026-09-14 10:56:10.000"
"DCO1 -> AN1T21","22","Urban","Dubai Courts 1","0","2026-09-14 10:56:10.000"
"GSBS4 -> ICPM1","53","Urban","International City, Post office 1","19","2026-09-14 10:56:10.000"
"NTSPS1 -> DFCFC1","F08","Feeder","Al Nahda, Canary Bldg 2","5","2026-09-14 10:56:10.000"
"NTSPS1 -> DFCFC1","F08","Feeder",,"3","2026-09-14 10:56:10.000"
"FGBMLS1 -> QCRMT1","F25","Feeder","Gold & Diamond Park 1","1","2026-09-14 10:56:10.000"
"BBMS1 -> BBMS1","F20","Feeder","Emarat, Headquarters","17","2026-09-14 10:56:10.000"
"NTSPS1 -> DFCFC1","F08","Feeder",,"5","2026-09-14 10:56:10.000"
"FGBMLS1 -> FGBMLS1","F25","Feeder",,"11","2026-09-14 10:56:10.000"
"MEMS1 -> MEMS1","F35","Feeder",,"9","2026-09-14 10:56:10.000"
"DCO1 -> AN1T21","22","Urban",,"4","2026-09-14 10:56:10.000"
"FGBMLS1 -> QCRMT1","F25","Feeder",,"8","2026-09-14 10:56:10.000"
"DCCT1 -> AN1T21","22","Urban","Stadium Metro Bus Stop 1","3","2026-09-14 10:56:10.000"
"BBMSL1 -> BBMSL1","F41","Feeder",,"19","2026-09-14 10:56:10.000"
"GSBS9 -> QSDH11","13","Urban",,"17","2026-09-14 10:56:10.000"
"FGBMLS1 -> QCRMT1","F25","Feeder","Al Quoz, T. Choithram Stores 1","16","2026-09-14 10:56:10.000"
"FGBMLS1 -> FGBMLS1","F25","Feeder",,"29","2026-09-14 10:56:10.000"
"ANMS4 -> ANMS4","F21","Feeder",,"14","2026-09-14 10:56:10.000"
"GSBS4 -> ICPM1","53","Urban",,"12","2026-09-14 10:56:10.000"
"NTSPS1 -> DFCFC1","F08","Feeder",,"24","2026-09-14 10:56:10.000"
"MEMS1 -> MEMS1","F35","Feeder","Al Barsha, Veterinary Clinic 1","29","2026-09-14 10:56:10.000"
"GSBS9 -> QSDH11","13","Urban",,"34","2026-09-14 10:56:10.000"
"ETMS2 -> ETMS2","F28","Feeder","Wasl, School 2","3","2026-09-14 10:56:10.000"
"FGBMLS1 -> QCRMT1","F25","Feeder",,"15","2026-09-14 10:56:10.000"
"BBMS1 -> BBMS1","F20","Feeder",,"7","2026-09-14 10:56:10.000"
"MEMS1 -> MEMS1","F35","Feeder",,"19","2026-09-14 10:56:10.000"
"NTSPS1 -> DFCFC1","F08","Feeder",,"9","2026-09-14 10:56:10.000"
"GSBS9 -> QSDH11","13","Urban","Muhaisnah 2, Bu Haleeba Contracting Camp","33","2026-09-14 10:56:10.000"
"MEMS1 -> MEMS1","F35","Feeder",,"4","2026-09-14 10:56:10.000"
"BBMSL1 -> BBMSL1","F41","Feeder","Al Madar Scala Tower 2","11","2026-09-14 10:56:10.000"
"MEMS1 -> MEMS1","F35","Feeder",,"16","2026-09-14 10:56:10.000"
"NTSPS1 -> DFCFC1","F08","Feeder",,"2","2026-09-14 10:56:10.000"
"NTSPS1 -> DFCFC1","F08","Feeder",,"16","2026-09-14 10:56:10.000"
"OMMST1 -> OMMST1","F18","Feeder",,"0","2026-09-14 10:56:10.000"
"MPWS1 -> MTWS1","BM1","Marine",,"2","2026-09-14 10:56:10.000"
"GSBS9 -> QSDH11","13","Urban",,"27","2026-09-14 10:56:10.000"
"FGBMLS1 -> FGBMLS1","F25","Feeder","Hilton Jumeria Hotel, Accomodation","11","2026-09-14 10:56:10.000"
"BBMS1 -> BBMS1","F20","Feeder",,"1","2026-09-14 10:56:10.000"
"DCCT1 -> AN1T21","22","Urban",,"22","2026-09-14 10:56:10.000"
"ANMS4 -> ANMS4","F21","Feeder","Sheikh Rashid Colony 1-2","19","2026-09-14 10:56:10.000"
"TMDBST1 -> DICMSL1","F31","Feeder","Emirates Hills Turnoff 1","7","2026-09-14 10:56:10.000"
"ETMS2 -> ETMS2","F28","Feeder",,"6","2026-09-14 10:56:10.000"
"DFCFC1 -> NTSPS1","F08","Feeder",,"18","2026-09-14 10:56:10.000"
"TMDBST1 -> DICMSL1","F31","Feeder","Al Barsha Heights, Mashael Building 1","18","2026-09-14 10:56:10.000"
"GSBS9 -> QSDH11","13","Urban","Al Nahda, Shabab Alahli Club 1","10","2026-09-14 10:56:10.000"
"BBMS1 -> BBMS1","F20","Feeder",,"18","2026-09-14 10:56:10.000"
"GSBS9 -> QSDH11","13","Urban",,"3","2026-09-14 10:56:10.000"
"FGBMLS1 -> FGBMLS1","F25","Feeder","Al Quoz, Galaxy Paper Industries","20","2026-09-14 10:56:10.000"
"MEMS1 -> MEMS1","F35","Feeder",,"26","2026-09-14 10:56:10.000"
"FGBMLS1 -> FGBMLS1","F25","Feeder",,"26","2026-09-14 10:56:10.000"
"QIA3T1 -> SMS2","F24","Feeder","NMC Hospital 2","8","2026-09-14 10:56:10.000"
"OMMST1 -> OMMST1","F18","Feeder",,"1","2026-09-14 10:56:10.000"
"GSBS9 -> QSDH11","13","Urban",,"11","2026-09-14 10:56:10.000"
"DCCT1 -> AN1T21","22","Urban",,"12","2026-09-14 10:56:10.000"
"GSBS4 -> ICPM1","53","Urban",,"26","2026-09-14 10:56:10.000"
"FGBMLS1 -> FGBMLS1","F25","Feeder",,"12","2026-09-14 10:56:10.000"
"BBMSL1 -> BBMSL1","F41","Feeder","Business Bay Metro Bus Stop Landside","19","2026-09-14 10:56:10.000"
"MEMS1 -> MEMS1","F35","Feeder",,"6","2026-09-14 10:56:10.000"
"DFCFC1 -> NTSPS1","F08","Feeder",,"11","2026-09-14 10:56:10.000"
"MTWS1 -> MPWS1","BM1","Marine",,"2","2026-09-14 10:56:10.000"
"DCCT1 -> AN1T21","22","Urban","Al Nahda, Madina Super Market 1","13","2026-09-14 10:56:10.000"
"GSBS4 -> ICPM1","53","Urban",,"20","2026-09-14 10:56:10.000"
"GSBS9 -> QSDH11","13","Urban",,"28","2026-09-14 10:56:10.000"
"FGBMLS1 -> FGBMLS1","F25","Feeder",,"28","2026-09-14 10:56:10.000"
"NTSPS1 -> DFCFC1","F08","Feeder",,"11","2026-09-14 10:56:10.000"
"LLV1 -> DICMS1","X28","Urban","Jumeira, Grand Masjid","25","2026-09-14 10:56:10.000"
"BBMSL1 -> BBMSL1","F41","Feeder",,"16","2026-09-14 10:56:10.000"
"ETMS2 -> ETMS2","F28","Feeder",,"5","2026-09-14 10:56:10.000"
"QIA3T1 -> SMS2","F24","Feeder",,"8","2026-09-14 10:56:10.000"
"NTSPS1 -> DFCFC1","F08","Feeder","Dubai Festival City, Festival Centre 1","24","2026-09-14 10:56:10.000"
"LLV1 -> DICMS1","X28","Urban","Al Qusais Industrial Area 2","5","2026-09-14 10:56:10.000"
"MEMS1 -> MEMS1","F35","Feeder","Al Barsha, Habtoor House 1","6","2026-09-14 10:56:10.000"
"MEMS1 -> MEMS1","F35","Feeder",,"0","2026-09-14 10:56:10.000"
"DFCFC1 -> NTSPS1","F08","Feeder",,"24","2026-09-14 10:56:10.000"
"QIA3T1 -> SMS2","F24","Feeder",,"2","2026-09-14 10:56:10.000"
"DCO1 -> AN1T21","22","Urban",,"20","2026-09-14 10:56:10.000"
"LLV1 -> DICMS1","X28","Urban","Max Metro Bus Stop Seaside","21","2026-09-14 10:56:10.000"
"NTSPS1 -> DFCFC1","F08","Feeder",,"15","2026-09-14 10:56:10.000"
"DCCT1 -> AN1T21","22","Urban","Al Nahda 1, Zaafranah 1","19","2026-09-14 10:56:10.000"
"GSBS9 -> QSDH11","13","Urban",,"19","2026-09-14 10:56:10.000"
"MEMS1 -> MEMS1","F35","Feeder","Al Barsha B-1","7","2026-09-14 10:56:10.000"
"FGBMLS1 -> QCRMT1","F25","Feeder",,"1","2026-09-14 10:56:10.000"
"GSBS4 -> ICPM1","53","Urban",,"25","2026-09-14 10:56:10.000"
"BBMSL1 -> BBMSL1","F41","Feeder",,"7","2026-09-14 10:56:10.000"
"LLV1 -> DICMS1","X28","Urban","Hamarain Center 1","16","2026-09-14 10:56:10.000"
"DMSL1 -> DMSL1","JLT1","Urban",,"1","2026-09-14 10:56:10.000"
"DFCFC1 -> NTSPS1","F08","Feeder","Dubai Womens College 1","15","2026-09-14 10:56:10.000"
"LLV1 -> DICMS1","X28","Urban",,"1","2026-09-14 10:56:10.000"
"GSBS9 -> QSDH11","13","Urban","Muhaisnah 2, Al Shirawi Labour Camp 1","29","2026-09-14 10:56:10.000"
"LLV1 -> DICMS1","X28","Urban",,"5","2026-09-14 10:56:10.000"
"FGBMLS1 -> FGBMLS1","F25","Feeder","Al Quoz, Pure Water Filling Company 2","2","2026-09-14 10:56:10.000"
"LLV1 -> DICMS1","X28","Urban","Wild Wadi 1","33","2026-09-14 10:56:10.000"
"TMDBST1 -> DICMSL1","F31","Feeder",,"0","2026-09-14 10:56:10.000"
"ICPM1 -> GSBS4","53","Urban",,"9","2026-09-14 10:56:10.000"
"FGBMLS1 -> FGBMLS1","F25","Feeder",,"5","2026-09-14 10:56:10.000"
"FGBMLS1 -> FGBMLS1","F25","Feeder",,"31","2026-09-14 10:56:10.000"
"GSBS4 -> ICPM1","53","Urban",,"23","2026-09-14 10:56:10.000"
"DMSL1 -> DMSL1","JLT1","Urban",,"7","2026-09-14 10:56:10.000"
"GSBS4 -> ICPM1","53","Urban",,"16","2026-09-14 10:56:10.000"
"GSBS4 -> ICPM1","53","Urban",,"0","2026-09-14 10:56:10.000"
"LLV1 -> DICMS1","X28","Urban",,"16","2026-09-14 10:56:10.000"
"DCCT1 -> AN1T21","22","Urban","Al Nahda 1, Burj Al Noor 1","20","2026-09-14 10:56:10.000"
"NTSPS1 -> DFCFC1","F08","Feeder",,"8","2026-09-14 10:56:10.000"
"FGBMLS1 -> FGBMLS1","F25","Feeder",,"10","2026-09-14 10:56:10.000"
"NTSPS1 -> DFCFC1","F08","Feeder",,"10","2026-09-14 10:56:10.000"
"ICPM1 -> GSBS4","53","Urban",,"13","2026-09-14 10:56:10.000"
"GSBS9 -> QSDH11","13","Urban",,"37","2026-09-14 10:56:10.000"
"DFCFC1 -> NTSPS1","F08","Feeder","Dubai Carmel School 1","22","2026-09-14 10:56:10.000"
"JLTMSL -> JLTMSL","JLT2","Urban",,"2","2026-09-14 10:56:10.000"
"ANMS4 -> ANMS4","F21","Feeder","Al Maaref Private School","4","2026-09-14 10:56:10.000"
"BBMS1 -> BBMS1","F20","Feeder","Emarat, Headquarters 2, Street 35","1","2026-09-14 10:56:10.000"
"GSBS9 -> QSDH11","13","Urban",,"12","2026-09-14 10:56:10.000"
"MEMS1 -> MEMS1","F35","Feeder","Al Barsha, Dubai National School 2","27","2026-09-14 10:56:10.000"
"TMDBST1 -> DICMSL1","F31","Feeder","Dubai International Academy 1","8","2026-09-14 10:56:10.000"
"DFCFC1 -> NTSPS1","F08","Feeder",,"14","2026-09-14 10:56:10.000"
"FGBMLS1 -> FGBMLS1","F25","Feeder",,"22","2026-09-14 10:56:10.000"
"ICPM1 -> GSBS4","53","Urban","Nad Al Hamar Grand Masjid 1","8","2026-09-14 10:56:10.000"
"MEMS1 -> MEMS1","F35","Feeder",,"20","2026-09-14 10:56:10.000"
"GSBS4 -> ICPM1","53","Urban",,"9","2026-09-14 10:56:10.000"
"TMDBST1 -> DICMSL1","F31","Feeder","The Meadows, Entrance gate 8-1","5","2026-09-14 10:56:10.000"
"MEMS1 -> MEMS1","F35","Feeder","Dubai Internet City Metro Bus Stop Lands","20","2026-09-14 10:56:10.000"
"DFCFC1 -> NTSPS1","F08","Feeder",,"10","2026-09-14 10:56:10.000"
"GSBS4 -> ICPM1","53","Urban",,"11","2026-09-14 10:56:10.000"
"TMDBST1 -> DICMSL1","F31","Feeder",,"4","2026-09-14 10:56:10.000"
"MEMS1 -> MEMS1","F35","Feeder",,"14","2026-09-14 10:56:10.000"
"ETMS2 -> ETMS2","F28","Feeder",,"7","2026-09-14 10:56:10.000"
"FGBMLS1 -> QCRMT1","F25","Feeder",,"23","2026-09-14 10:56:10.000"
"FGBMLS1 -> QCRMT1","F25","Feeder",,"11","2026-09-14 10:56:10.000"
"MEMS1 -> MEMS1","F35","Feeder",,"31","2026-09-14 10:56:10.000"
"QIA3T1 -> SMS2","F24","Feeder",,"0","2026-09-14 10:56:10.000"
"DCO1 -> AN1T21","22","Urban",,"22","2026-09-14 10:56:10.000"
"NTSPS1 -> DFCFC1","F08","Feeder",,"21","2026-09-14 10:56:10.000"
"LLV1 -> DICMS1","X28","Urban",,"31","2026-09-14 10:56:10.000"
"MEMS1 -> MEMS1","F35","Feeder","The Greens, Al Sidir","17","2026-09-14 10:56:10.000"
"SMS2 -> QIA3T1","F24","Feeder",,"3","2026-09-14 10:56:10.000"
"TMDBST1 -> DICMSL1","F31","Feeder","The Springs, Entrance gate 4-1","4","2026-09-14 10:56:10.000"
